<!DOCTYPE suite SYSTEM "http://testng.org/testng-1.0.dtd" >
<suite name="spring-boot" parallel="tests" thread-count="2">
    <test name="test-1">
        <classes>
            <class name="com.udemy.spring.springselenium.googletest.Google1Test" />
        </classes>
    </test>
    <test name="test-2">
        <classes>
            <class name="com.udemy.spring.springselenium.googletest.Google2Test" />
        </classes>
    </test>
    <test name="test-3">
        <classes>
            <class name="com.udemy.spring.springselenium.googletest.Google1Test" />
        </classes>
    </test>
    <test name="test-4">
        <classes>
            <class name="com.udemy.spring.springselenium.googletest.Google2Test" />
        </classes>
    </test>
</suite>